episode,num_agents,mean_cumulative_reward,sum_cumulative_reward,mean_success_rate,collisions,smoothness,energy
0,5,-1211.6021804034215,-6058.010902017108,0.0,0,0.04894391107950033,2.0951793221036974
1,5,-753.3816362484183,-3766.9081812420914,0.0,0,0.04679770304406093,1.9121342303270141
2,5,-872.8721000120598,-4364.360500060299,0.0,0,0.04720393792765833,1.9508007208073952
3,5,-818.9935854186125,-4094.9679270930624,0.0,0,0.046690993048626006,1.9173168305269865
4,5,-965.4566167546524,-4827.283083773262,0.0,0,0.047642809255999154,2.0324186800608386
5,5,-1226.970433076617,-6134.852165383085,0.0,0,0.04732872680660351,1.9665434341535375
