episode,num_agents,mean_cumulative_reward,sum_cumulative_reward,mean_success_rate,collisions,smoothness,energy
0,4,-694.205799444581,-2776.823197778324,0.0,0,0.03665637742189957,0.7665559645018486
1,4,-670.1117460038643,-2680.446984015457,0.0,0,0.03754644637332609,0.8079752397001303
2,4,-546.0735370043386,-2184.2941480173545,0.5,0,0.03459587147117254,0.6395441341859553
3,4,-929.3168253581229,-3717.2673014324914,0.0,0,0.036057351133928196,0.7751169976302879
4,4,-671.9395889386265,-2687.758355754506,0.0,0,0.03761288178525599,0.7838783520238898
5,4,-632.1832278354277,-2528.732911341711,0.0,0,0.037512424861100145,0.8116874621714146
