episode,num_agents,mean_cumulative_reward,sum_cumulative_reward,mean_success_rate,collisions,smoothness,energy,mean_policy_entropy,mean_advantage,kl_estimate
0,5,-1211.6021804034215,-6058.010902017108,0.0,0,0.04894391107950033,2.0951793221036974,0.9211743876329563,0.07652069390373162,0.011630452458904587
1,5,-753.3816362484183,-3766.9081812420914,0.0,0,0.04679770304406093,1.9121342303270141,0.8568265715778303,0.3822446523677246,0.007274233844519389
2,5,-872.8721000120598,-4364.360500060299,0.0,0,0.04720393792765833,1.9508007208073952,0.881227047588953,0.19571320766827321,0.008100878633782444
3,5,-818.9935854186125,-4094.9679270930624,0.0,0,0.046690993048626006,1.9173168305269865,0.8824881415574588,0.25000455698703705,0.007975068337043464
4,5,-965.4566167546524,-4827.283083773262,0.0,0,0.047642809255999154,2.0324186800608386,0.9024839417159717,0.18677402685167804,0.009495196087989136
5,5,-1226.970433076617,-6134.852165383085,0.0,0,0.04732872680660351,1.9665434341535375,0.918190662480988,0.3210880256717507,0.011674457228674103
